text,label
Make $480388 working from home! No experience needed. Reply for info.,spam
"Hey, are you free for lunch today? I was thinking of going to Scottfurt.",ham
Make $726203 working from home! No experience needed. Reply for info.,spam
Your order #27268 has been shipped. It should arrive by Saturday.,ham
Exclusive offer! Get 32% off on all items. Limited time only.,spam
Your order #66363 has been shipped. It should arrive by Wednesday.,ham
You have a new voice message from Rebecca Duke. Listen here: https://moon.com/,spam
Can you review the latest PR? I've addressed the comments.,ham
Meet singles in your area tonight! Sign up for free: https://www.thomas-turner.com/,spam
Your order #36997 has been shipped. It should arrive by Monday.,ham
Make $350038 working from home! No experience needed. Reply for info.,spam
Happy Birthday! Hope you have a great day.,ham
Lose weight fast with this miracle pill. Order now!,spam
Just checking in to see how the project is coming along.,ham
Final Notice: Your package delivery failed. Reschedule here: https://www.velez.com/,spam
Can you review the latest PR? I've addressed the comments.,ham
"Dear friend, I have a business proposal regarding a sum of $770877. Please contact me.",spam
Just checking in to see how the project is coming along.,ham
Exclusive offer! Get 64% off on all items. Limited time only.,spam
Can you review the latest PR? I've addressed the comments.,ham
"Dear friend, I have a business proposal regarding a sum of $83367. Please contact me.",spam
"Hi Bryan,

Can we reschedule our meeting to Monday at 01:41:08? Thanks.",ham
You have a new voice message from Rachel Davis. Listen here: https://bradley.net/,spam
Reminder: The team building event is this Friday. Don't forget to RSVP.,ham
You have a new voice message from Stephanie Eaton. Listen here: http://www.glass.biz/,spam
Your order #81384 has been shipped. It should arrive by Saturday.,ham
You have a new voice message from Hannah Bell. Listen here: http://thomas-jenkins.com/,spam
Reminder: The team building event is this Friday. Don't forget to RSVP.,ham
You have a new voice message from Tina Anderson. Listen here: http://www.roth-horne.org/,spam
"Hi Donald,

Can we reschedule our meeting to Monday at 22:28:51? Thanks.",ham
Lose weight fast with this miracle pill. Order now!,spam
Please find the invoice attached for the services rendered.,ham
"Dear friend, I have a business proposal regarding a sum of $448568. Please contact me.",spam
Thanks for the update. I'll proceed with the next steps.,ham
"Dear friend, I have a business proposal regarding a sum of $119615. Please contact me.",spam
Your order #14438 has been shipped. It should arrive by Wednesday.,ham
You have a new voice message from Ryan Price. Listen here: https://www.murray.info/,spam
Your order #91836 has been shipped. It should arrive by Wednesday.,ham
Lose weight fast with this miracle pill. Order now!,spam
Reminder: The team building event is this Friday. Don't forget to RSVP.,ham
Exclusive offer! Get 58% off on all items. Limited time only.,spam
Reminder: The team building event is this Friday. Don't forget to RSVP.,ham
Refinance your home loan today for 82% lower rates!,spam
Just checking in to see how the project is coming along.,ham
URGENT: Your account has been compromised. Verify your identity now: http://morales.org/,spam
Just checking in to see how the project is coming along.,ham
Congratulations! You've won a exactly. Click here to claim: http://www.smith.com/,spam
Reminder: The team building event is this Friday. Don't forget to RSVP.,ham
Exclusive offer! Get 77% off on all items. Limited time only.,spam
Please find the invoice attached for the services rendered.,ham
Make $690926 working from home! No experience needed. Reply for info.,spam
Reminder: The team building event is this Friday. Don't forget to RSVP.,ham
Congratulations! You've won a get. Click here to claim: http://johnson-martin.com/,spam
Thanks for the update. I'll proceed with the next steps.,ham
You have a new voice message from Austin Pham. Listen here: http://www.johnson.biz/,spam
Attached is the report you requested. Let me know if you have questions.,ham
Make $784994 working from home! No experience needed. Reply for info.,spam
Your order #48013 has been shipped. It should arrive by Sunday.,ham
You have a new voice message from Brooke Barton. Listen here: https://williams.com/,spam
Attached is the report you requested. Let me know if you have questions.,ham
Meet singles in your area tonight! Sign up for free: http://wright.com/,spam
Please find the invoice attached for the services rendered.,ham
Exclusive offer! Get 24% off on all items. Limited time only.,spam
Please find the invoice attached for the services rendered.,ham
Make $174622 working from home! No experience needed. Reply for info.,spam
Your order #96787 has been shipped. It should arrive by Saturday.,ham
Final Notice: Your package delivery failed. Reschedule here: https://www.green.com/,spam
Happy Birthday! Hope you have a great day.,ham
Meet singles in your area tonight! Sign up for free: http://www.olsen.net/,spam
Thanks for the update. I'll proceed with the next steps.,ham
Meet singles in your area tonight! Sign up for free: http://davis.com/,spam
"Hi Dean,

Can we reschedule our meeting to Saturday at 06:53:24? Thanks.",ham
"Dear friend, I have a business proposal regarding a sum of $605508. Please contact me.",spam
Can you review the latest PR? I've addressed the comments.,ham
Lose weight fast with this miracle pill. Order now!,spam
Can you review the latest PR? I've addressed the comments.,ham
Final Notice: Your package delivery failed. Reschedule here: http://www.gibson.biz/,spam
Can you review the latest PR? I've addressed the comments.,ham
Lose weight fast with this miracle pill. Order now!,spam
"Hi Amanda,

Can we reschedule our meeting to Saturday at 20:08:22? Thanks.",ham
Congratulations! You've won a thousand. Click here to claim: https://www.cruz.com/,spam
Happy Birthday! Hope you have a great day.,ham
You have a new voice message from Zachary Davis. Listen here: http://rivera.org/,spam
Attached is the report you requested. Let me know if you have questions.,ham
Refinance your home loan today for 88% lower rates!,spam
Attached is the report you requested. Let me know if you have questions.,ham
Final Notice: Your package delivery failed. Reschedule here: http://roberts.com/,spam
"Hey, are you free for lunch today? I was thinking of going to Carolineland.",ham
Congratulations! You've won a huge. Click here to claim: http://www.walker-smith.com/,spam
Can you review the latest PR? I've addressed the comments.,ham
Make $134943 working from home! No experience needed. Reply for info.,spam
Thanks for the update. I'll proceed with the next steps.,ham
Refinance your home loan today for 61% lower rates!,spam
Thanks for the update. I'll proceed with the next steps.,ham
URGENT: Your account has been compromised. Verify your identity now: https://marshall.com/,spam
Just checking in to see how the project is coming along.,ham
Meet singles in your area tonight! Sign up for free: http://www.boone-allen.com/,spam
Thanks for the update. I'll proceed with the next steps.,ham
Exclusive offer! Get 57% off on all items. Limited time only.,spam
Just checking in to see how the project is coming along.,ham
"Dear friend, I have a business proposal regarding a sum of $955366. Please contact me.",spam
Happy Birthday! Hope you have a great day.,ham
URGENT: Your account has been compromised. Verify your identity now: https://www.smith.com/,spam
"Hi Alexandria,

Can we reschedule our meeting to Wednesday at 11:28:28? Thanks.",ham
Refinance your home loan today for 84% lower rates!,spam
Please find the invoice attached for the services rendered.,ham
Final Notice: Your package delivery failed. Reschedule here: https://www.braun.net/,spam
"Hey, are you free for lunch today? I was thinking of going to North Isabelport.",ham
You have a new voice message from Christopher Patterson. Listen here: http://mcconnell-wells.com/,spam
Thanks for the update. I'll proceed with the next steps.,ham
Make $399815 working from home! No experience needed. Reply for info.,spam
Thanks for the update. I'll proceed with the next steps.,ham
Refinance your home loan today for 22% lower rates!,spam
Attached is the report you requested. Let me know if you have questions.,ham
Final Notice: Your package delivery failed. Reschedule here: http://www.thompson-baker.org/,spam
Reminder: The team building event is this Friday. Don't forget to RSVP.,ham
Meet singles in your area tonight! Sign up for free: http://www.deleon.com/,spam
Can you review the latest PR? I've addressed the comments.,ham
You have a new voice message from Dylan Howard. Listen here: https://taylor.com/,spam
Can you review the latest PR? I've addressed the comments.,ham
Final Notice: Your package delivery failed. Reschedule here: http://www.brown.org/,spam
Attached is the report you requested. Let me know if you have questions.,ham
Refinance your home loan today for 56% lower rates!,spam
Thanks for the update. I'll proceed with the next steps.,ham
URGENT: Your account has been compromised. Verify your identity now: https://www.shields.com/,spam
Can you review the latest PR? I've addressed the comments.,ham
Final Notice: Your package delivery failed. Reschedule here: https://ford-sandoval.com/,spam
Just checking in to see how the project is coming along.,ham
Final Notice: Your package delivery failed. Reschedule here: http://mendoza.com/,spam
Attached is the report you requested. Let me know if you have questions.,ham
Refinance your home loan today for 78% lower rates!,spam
Can you review the latest PR? I've addressed the comments.,ham
Exclusive offer! Get 84% off on all items. Limited time only.,spam
Just checking in to see how the project is coming along.,ham
Refinance your home loan today for 22% lower rates!,spam
"Hi Todd,

Can we reschedule our meeting to Monday at 15:25:32? Thanks.",ham
URGENT: Your account has been compromised. Verify your identity now: http://carney.org/,spam
Attached is the report you requested. Let me know if you have questions.,ham
URGENT: Your account has been compromised. Verify your identity now: http://holmes-davis.org/,spam
"Hi John,

Can we reschedule our meeting to Thursday at 05:48:12? Thanks.",ham
URGENT: Your account has been compromised. Verify your identity now: https://www.brown-barrett.net/,spam
Thanks for the update. I'll proceed with the next steps.,ham
Exclusive offer! Get 10% off on all items. Limited time only.,spam
Please find the invoice attached for the services rendered.,ham
Meet singles in your area tonight! Sign up for free: https://harris.biz/,spam
Please find the invoice attached for the services rendered.,ham
URGENT: Your account has been compromised. Verify your identity now: https://parker.org/,spam
Please find the invoice attached for the services rendered.,ham
Make $581252 working from home! No experience needed. Reply for info.,spam
"Hi Sara,

Can we reschedule our meeting to Friday at 02:59:43? Thanks.",ham
You have a new voice message from Holly King. Listen here: https://jones-cameron.com/,spam
Happy Birthday! Hope you have a great day.,ham
"Dear friend, I have a business proposal regarding a sum of $944665. Please contact me.",spam
Reminder: The team building event is this Friday. Don't forget to RSVP.,ham
"Dear friend, I have a business proposal regarding a sum of $18268. Please contact me.",spam
Just checking in to see how the project is coming along.,ham
Lose weight fast with this miracle pill. Order now!,spam
Just checking in to see how the project is coming along.,ham
URGENT: Your account has been compromised. Verify your identity now: https://neal-chapman.net/,spam
"Hey, are you free for lunch today? I was thinking of going to Coopershire.",ham
Refinance your home loan today for 85% lower rates!,spam
Thanks for the update. I'll proceed with the next steps.,ham
Make $365305 working from home! No experience needed. Reply for info.,spam
Reminder: The team building event is this Friday. Don't forget to RSVP.,ham
Meet singles in your area tonight! Sign up for free: https://www.nguyen.org/,spam
Can you review the latest PR? I've addressed the comments.,ham
"Dear friend, I have a business proposal regarding a sum of $101786. Please contact me.",spam
Just checking in to see how the project is coming along.,ham
Final Notice: Your package delivery failed. Reschedule here: http://www.reynolds.com/,spam
"Hey, are you free for lunch today? I was thinking of going to North Shannon.",ham
You have a new voice message from Alyssa Richardson. Listen here: https://nicholson-sanders.biz/,spam
"Hi Jessica,

Can we reschedule our meeting to Tuesday at 22:36:17? Thanks.",ham
Congratulations! You've won a cold. Click here to claim: http://wallace.com/,spam
Happy Birthday! Hope you have a great day.,ham
Congratulations! You've won a whose. Click here to claim: http://www.alvarez.com/,spam
Thanks for the update. I'll proceed with the next steps.,ham
"Dear friend, I have a business proposal regarding a sum of $667155. Please contact me.",spam
Reminder: The team building event is this Friday. Don't forget to RSVP.,ham
"Dear friend, I have a business proposal regarding a sum of $722379. Please contact me.",spam
"Hi Paige,

Can we reschedule our meeting to Monday at 13:27:34? Thanks.",ham
Meet singles in your area tonight! Sign up for free: https://allen-cruz.com/,spam
Attached is the report you requested. Let me know if you have questions.,ham
Meet singles in your area tonight! Sign up for free: http://hanson.com/,spam
Happy Birthday! Hope you have a great day.,ham
"Dear friend, I have a business proposal regarding a sum of $438648. Please contact me.",spam
Reminder: The team building event is this Friday. Don't forget to RSVP.,ham
Refinance your home loan today for 74% lower rates!,spam
Your order #77301 has been shipped. It should arrive by Monday.,ham
Congratulations! You've won a over. Click here to claim: https://williams-bowman.com/,spam
Thanks for the update. I'll proceed with the next steps.,ham
Lose weight fast with this miracle pill. Order now!,spam
Your order #20674 has been shipped. It should arrive by Friday.,ham
You have a new voice message from Pamela Ochoa. Listen here: https://smith.biz/,spam
Just checking in to see how the project is coming along.,ham
Exclusive offer! Get 59% off on all items. Limited time only.,spam
Please find the invoice attached for the services rendered.,ham
Exclusive offer! Get 33% off on all items. Limited time only.,spam
Happy Birthday! Hope you have a great day.,ham
Exclusive offer! Get 44% off on all items. Limited time only.,spam
"Hi Jacob,

Can we reschedule our meeting to Monday at 11:27:49? Thanks.",ham
You have a new voice message from Heather Pierce. Listen here: https://www.gomez-moreno.com/,spam
Happy Birthday! Hope you have a great day.,ham
"Dear friend, I have a business proposal regarding a sum of $862496. Please contact me.",spam
Can you review the latest PR? I've addressed the comments.,ham
Make $903037 working from home! No experience needed. Reply for info.,spam
Attached is the report you requested. Let me know if you have questions.,ham
Exclusive offer! Get 66% off on all items. Limited time only.,spam
"Hey, are you free for lunch today? I was thinking of going to Lake Holly.",ham
Refinance your home loan today for 21% lower rates!,spam
Just checking in to see how the project is coming along.,ham
URGENT: Your account has been compromised. Verify your identity now: http://www.johnson-jenkins.com/,spam
"Hey, are you free for lunch today? I was thinking of going to Dodsonshire.",ham
You have a new voice message from Michael Marquez. Listen here: http://day.com/,spam
Your order #75511 has been shipped. It should arrive by Monday.,ham
Meet singles in your area tonight! Sign up for free: http://www.savage.com/,spam
Can you review the latest PR? I've addressed the comments.,ham
Exclusive offer! Get 66% off on all items. Limited time only.,spam
Please find the invoice attached for the services rendered.,ham
"Dear friend, I have a business proposal regarding a sum of $638031. Please contact me.",spam
Attached is the report you requested. Let me know if you have questions.,ham
Exclusive offer! Get 77% off on all items. Limited time only.,spam
Reminder: The team building event is this Friday. Don't forget to RSVP.,ham
Meet singles in your area tonight! Sign up for free: https://www.liu.info/,spam
Happy Birthday! Hope you have a great day.,ham
Lose weight fast with this miracle pill. Order now!,spam
Can you review the latest PR? I've addressed the comments.,ham
Refinance your home loan today for 88% lower rates!,spam
"Hey, are you free for lunch today? I was thinking of going to North Cynthia.",ham
Make $432060 working from home! No experience needed. Reply for info.,spam
"Hey, are you free for lunch today? I was thinking of going to North Julie.",ham
Refinance your home loan today for 37% lower rates!,spam
Just checking in to see how the project is coming along.,ham
You have a new voice message from Bradley Arnold. Listen here: http://nielsen-cunningham.org/,spam
Please find the invoice attached for the services rendered.,ham
Meet singles in your area tonight! Sign up for free: https://www.turner.com/,spam
Reminder: The team building event is this Friday. Don't forget to RSVP.,ham
Lose weight fast with this miracle pill. Order now!,spam
"Hey, are you free for lunch today? I was thinking of going to Colonton.",ham
Exclusive offer! Get 32% off on all items. Limited time only.,spam
Happy Birthday! Hope you have a great day.,ham
URGENT: Your account has been compromised. Verify your identity now: http://ortiz.org/,spam
Can you review the latest PR? I've addressed the comments.,ham
You have a new voice message from Judy Rice. Listen here: https://griffin.com/,spam
Just checking in to see how the project is coming along.,ham
Meet singles in your area tonight! Sign up for free: https://garza.com/,spam
Your order #41253 has been shipped. It should arrive by Wednesday.,ham
"Dear friend, I have a business proposal regarding a sum of $282168. Please contact me.",spam
"Hi Anthony,

Can we reschedule our meeting to Sunday at 06:12:49? Thanks.",ham
Exclusive offer! Get 65% off on all items. Limited time only.,spam
Please find the invoice attached for the services rendered.,ham
URGENT: Your account has been compromised. Verify your identity now: http://www.french.com/,spam
Just checking in to see how the project is coming along.,ham
Refinance your home loan today for 43% lower rates!,spam
"Hi Denise,

Can we reschedule our meeting to Wednesday at 05:31:16? Thanks.",ham
Meet singles in your area tonight! Sign up for free: http://norman-jones.com/,spam
Can you review the latest PR? I've addressed the comments.,ham
You have a new voice message from Timothy Harris. Listen here: https://campbell.com/,spam
Please find the invoice attached for the services rendered.,ham
"Dear friend, I have a business proposal regarding a sum of $625148. Please contact me.",spam
"Hey, are you free for lunch today? I was thinking of going to West Bridgetland.",ham
Lose weight fast with this miracle pill. Order now!,spam
Just checking in to see how the project is coming along.,ham
You have a new voice message from Tricia Phillips. Listen here: http://forbes.com/,spam
Attached is the report you requested. Let me know if you have questions.,ham
Exclusive offer! Get 74% off on all items. Limited time only.,spam
Just checking in to see how the project is coming along.,ham
Meet singles in your area tonight! Sign up for free: https://www.joseph-morris.biz/,spam
Please find the invoice attached for the services rendered.,ham
URGENT: Your account has been compromised. Verify your identity now: https://www.owens.com/,spam
Happy Birthday! Hope you have a great day.,ham
Make $598183 working from home! No experience needed. Reply for info.,spam
Just checking in to see how the project is coming along.,ham
Exclusive offer! Get 18% off on all items. Limited time only.,spam
Your order #86730 has been shipped. It should arrive by Wednesday.,ham
"Dear friend, I have a business proposal regarding a sum of $497876. Please contact me.",spam
"Hi Richard,

Can we reschedule our meeting to Tuesday at 17:41:10? Thanks.",ham
"Dear friend, I have a business proposal regarding a sum of $845704. Please contact me.",spam
Can you review the latest PR? I've addressed the comments.,ham
Make $89621 working from home! No experience needed. Reply for info.,spam
Can you review the latest PR? I've addressed the comments.,ham
"Dear friend, I have a business proposal regarding a sum of $659611. Please contact me.",spam
Can you review the latest PR? I've addressed the comments.,ham
"Dear friend, I have a business proposal regarding a sum of $558056. Please contact me.",spam
Thanks for the update. I'll proceed with the next steps.,ham
Exclusive offer! Get 55% off on all items. Limited time only.,spam
"Hi Brian,

Can we reschedule our meeting to Monday at 17:49:18? Thanks.",ham
Final Notice: Your package delivery failed. Reschedule here: http://www.gordon-kelly.com/,spam
Can you review the latest PR? I've addressed the comments.,ham
Meet singles in your area tonight! Sign up for free: https://www.reed-elliott.com/,spam
"Hi Tammy,

Can we reschedule our meeting to Wednesday at 05:19:37? Thanks.",ham
You have a new voice message from Jennifer Lopez. Listen here: http://www.gomez.com/,spam
Happy Birthday! Hope you have a great day.,ham
Exclusive offer! Get 57% off on all items. Limited time only.,spam
Can you review the latest PR? I've addressed the comments.,ham
Lose weight fast with this miracle pill. Order now!,spam
Please find the invoice attached for the services rendered.,ham
Make $561115 working from home! No experience needed. Reply for info.,spam
"Hi Darrell,

Can we reschedule our meeting to Sunday at 19:22:39? Thanks.",ham
URGENT: Your account has been compromised. Verify your identity now: http://www.solomon.com/,spam
"Hi David,

Can we reschedule our meeting to Friday at 13:38:19? Thanks.",ham
"Dear friend, I have a business proposal regarding a sum of $107993. Please contact me.",spam
Thanks for the update. I'll proceed with the next steps.,ham
Exclusive offer! Get 77% off on all items. Limited time only.,spam
Please find the invoice attached for the services rendered.,ham
You have a new voice message from Yolanda Hill. Listen here: http://www.warren-hogan.com/,spam
Attached is the report you requested. Let me know if you have questions.,ham
Congratulations! You've won a wrong. Click here to claim: https://king-gonzalez.com/,spam
"Hey, are you free for lunch today? I was thinking of going to New Scottview.",ham
"Dear friend, I have a business proposal regarding a sum of $48596. Please contact me.",spam
Just checking in to see how the project is coming along.,ham
Congratulations! You've won a against. Click here to claim: http://www.craig-haynes.com/,spam
"Hi Steven,

Can we reschedule our meeting to Wednesday at 04:26:42? Thanks.",ham
Exclusive offer! Get 61% off on all items. Limited time only.,spam
Can you review the latest PR? I've addressed the comments.,ham
Refinance your home loan today for 74% lower rates!,spam
"Hey, are you free for lunch today? I was thinking of going to East Maryville.",ham
"Dear friend, I have a business proposal regarding a sum of $186978. Please contact me.",spam
Your order #68485 has been shipped. It should arrive by Sunday.,ham
Make $610670 working from home! No experience needed. Reply for info.,spam
"Hi Luke,

Can we reschedule our meeting to Sunday at 05:20:48? Thanks.",ham
"Dear friend, I have a business proposal regarding a sum of $42136. Please contact me.",spam
"Hi Logan,

Can we reschedule our meeting to Sunday at 13:21:59? Thanks.",ham
Make $955386 working from home! No experience needed. Reply for info.,spam
Attached is the report you requested. Let me know if you have questions.,ham
"Dear friend, I have a business proposal regarding a sum of $68409. Please contact me.",spam
Attached is the report you requested. Let me know if you have questions.,ham
You have a new voice message from Kathleen Rodgers. Listen here: http://shaw.net/,spam
"Hi Michael,

Can we reschedule our meeting to Monday at 17:55:14? Thanks.",ham
URGENT: Your account has been compromised. Verify your identity now: http://flores.com/,spam
Can you review the latest PR? I've addressed the comments.,ham
Lose weight fast with this miracle pill. Order now!,spam
Your order #51301 has been shipped. It should arrive by Monday.,ham
Congratulations! You've won a to. Click here to claim: http://www.roy.org/,spam
Please find the invoice attached for the services rendered.,ham
Lose weight fast with this miracle pill. Order now!,spam
Reminder: The team building event is this Friday. Don't forget to RSVP.,ham
Lose weight fast with this miracle pill. Order now!,spam
Thanks for the update. I'll proceed with the next steps.,ham
URGENT: Your account has been compromised. Verify your identity now: http://richmond-roberson.net/,spam
Reminder: The team building event is this Friday. Don't forget to RSVP.,ham
Exclusive offer! Get 69% off on all items. Limited time only.,spam
Thanks for the update. I'll proceed with the next steps.,ham
Final Notice: Your package delivery failed. Reschedule here: https://ramirez.biz/,spam
"Hi Samantha,

Can we reschedule our meeting to Friday at 17:35:00? Thanks.",ham
Exclusive offer! Get 23% off on all items. Limited time only.,spam
Thanks for the update. I'll proceed with the next steps.,ham
"Dear friend, I have a business proposal regarding a sum of $141323. Please contact me.",spam
Happy Birthday! Hope you have a great day.,ham
Lose weight fast with this miracle pill. Order now!,spam
Thanks for the update. I'll proceed with the next steps.,ham
Final Notice: Your package delivery failed. Reschedule here: https://watkins.com/,spam
Reminder: The team building event is this Friday. Don't forget to RSVP.,ham
You have a new voice message from Diana King. Listen here: http://www.velasquez.com/,spam
"Hi Christopher,

Can we reschedule our meeting to Saturday at 14:52:31? Thanks.",ham
Lose weight fast with this miracle pill. Order now!,spam
Can you review the latest PR? I've addressed the comments.,ham
Meet singles in your area tonight! Sign up for free: https://villarreal-nichols.com/,spam
Happy Birthday! Hope you have a great day.,ham
You have a new voice message from Edward Mcbride. Listen here: http://garrett.com/,spam
Attached is the report you requested. Let me know if you have questions.,ham
Final Notice: Your package delivery failed. Reschedule here: https://www.riley.net/,spam
Attached is the report you requested. Let me know if you have questions.,ham
"Dear friend, I have a business proposal regarding a sum of $568783. Please contact me.",spam
Thanks for the update. I'll proceed with the next steps.,ham
Exclusive offer! Get 15% off on all items. Limited time only.,spam
Please find the invoice attached for the services rendered.,ham
Exclusive offer! Get 56% off on all items. Limited time only.,spam
Please find the invoice attached for the services rendered.,ham
"Dear friend, I have a business proposal regarding a sum of $564875. Please contact me.",spam
Just checking in to see how the project is coming along.,ham
Congratulations! You've won a past. Click here to claim: http://www.wallace.com/,spam
Reminder: The team building event is this Friday. Don't forget to RSVP.,ham
Exclusive offer! Get 16% off on all items. Limited time only.,spam
Please find the invoice attached for the services rendered.,ham
URGENT: Your account has been compromised. Verify your identity now: http://sweeney.info/,spam
Attached is the report you requested. Let me know if you have questions.,ham
Exclusive offer! Get 75% off on all items. Limited time only.,spam
"Hey, are you free for lunch today? I was thinking of going to Anthonyberg.",ham
"Dear friend, I have a business proposal regarding a sum of $369471. Please contact me.",spam
Please find the invoice attached for the services rendered.,ham
Exclusive offer! Get 81% off on all items. Limited time only.,spam
"Hi Jennifer,

Can we reschedule our meeting to Monday at 13:27:57? Thanks.",ham
Congratulations! You've won a ask. Click here to claim: http://sandoval.info/,spam
Reminder: The team building event is this Friday. Don't forget to RSVP.,ham
Final Notice: Your package delivery failed. Reschedule here: https://www.barnes.org/,spam
Your order #65353 has been shipped. It should arrive by Wednesday.,ham
"Dear friend, I have a business proposal regarding a sum of $156347. Please contact me.",spam
"Hey, are you free for lunch today? I was thinking of going to Judyport.",ham
"Dear friend, I have a business proposal regarding a sum of $455454. Please contact me.",spam
Attached is the report you requested. Let me know if you have questions.,ham
"Dear friend, I have a business proposal regarding a sum of $937440. Please contact me.",spam
Please find the invoice attached for the services rendered.,ham
Final Notice: Your package delivery failed. Reschedule here: http://www.stevens.com/,spam
"Hi Carrie,

Can we reschedule our meeting to Monday at 08:32:07? Thanks.",ham
Meet singles in your area tonight! Sign up for free: https://smith-collins.com/,spam
Attached is the report you requested. Let me know if you have questions.,ham
Make $171475 working from home! No experience needed. Reply for info.,spam
Attached is the report you requested. Let me know if you have questions.,ham
Final Notice: Your package delivery failed. Reschedule here: http://www.gates-harmon.com/,spam
Reminder: The team building event is this Friday. Don't forget to RSVP.,ham
URGENT: Your account has been compromised. Verify your identity now: https://www.wells.biz/,spam
Just checking in to see how the project is coming along.,ham
You have a new voice message from John Gilmore. Listen here: http://malone.com/,spam
Your order #41750 has been shipped. It should arrive by Saturday.,ham
Refinance your home loan today for 68% lower rates!,spam
Just checking in to see how the project is coming along.,ham
Final Notice: Your package delivery failed. Reschedule here: http://www.elliott.net/,spam
Can you review the latest PR? I've addressed the comments.,ham
Lose weight fast with this miracle pill. Order now!,spam
"Hi Dylan,

Can we reschedule our meeting to Saturday at 07:35:25? Thanks.",ham
Meet singles in your area tonight! Sign up for free: http://nguyen.info/,spam
Reminder: The team building event is this Friday. Don't forget to RSVP.,ham
Make $163495 working from home! No experience needed. Reply for info.,spam
"Hi Michelle,

Can we reschedule our meeting to Thursday at 20:25:09? Thanks.",ham
Lose weight fast with this miracle pill. Order now!,spam
Attached is the report you requested. Let me know if you have questions.,ham
Meet singles in your area tonight! Sign up for free: http://smith-stevenson.com/,spam
Your order #89305 has been shipped. It should arrive by Monday.,ham
Congratulations! You've won a money. Click here to claim: http://www.rodriguez.com/,spam
Reminder: The team building event is this Friday. Don't forget to RSVP.,ham
You have a new voice message from Patricia Davidson. Listen here: http://barber.com/,spam
Reminder: The team building event is this Friday. Don't forget to RSVP.,ham
Final Notice: Your package delivery failed. Reschedule here: https://howe-chavez.com/,spam
Just checking in to see how the project is coming along.,ham
Lose weight fast with this miracle pill. Order now!,spam
Just checking in to see how the project is coming along.,ham
Refinance your home loan today for 62% lower rates!,spam
"Hi Jose,

Can we reschedule our meeting to Wednesday at 16:39:31? Thanks.",ham
Final Notice: Your package delivery failed. Reschedule here: https://butler.com/,spam
Can you review the latest PR? I've addressed the comments.,ham
Lose weight fast with this miracle pill. Order now!,spam
Attached is the report you requested. Let me know if you have questions.,ham
Make $662399 working from home! No experience needed. Reply for info.,spam
"Hi Ashley,

Can we reschedule our meeting to Friday at 03:41:36? Thanks.",ham
Refinance your home loan today for 66% lower rates!,spam
Thanks for the update. I'll proceed with the next steps.,ham
Final Notice: Your package delivery failed. Reschedule here: https://winters.com/,spam
Attached is the report you requested. Let me know if you have questions.,ham
URGENT: Your account has been compromised. Verify your identity now: https://www.bright.com/,spam
"Hi Dawn,

Can we reschedule our meeting to Tuesday at 06:04:52? Thanks.",ham
URGENT: Your account has been compromised. Verify your identity now: https://douglas.info/,spam
Thanks for the update. I'll proceed with the next steps.,ham
Congratulations! You've won a pass. Click here to claim: https://webster.com/,spam
Can you review the latest PR? I've addressed the comments.,ham
Meet singles in your area tonight! Sign up for free: https://snow.com/,spam
Reminder: The team building event is this Friday. Don't forget to RSVP.,ham
"Dear friend, I have a business proposal regarding a sum of $921913. Please contact me.",spam
"Hi Jacqueline,

Can we reschedule our meeting to Saturday at 13:59:59? Thanks.",ham
Congratulations! You've won a service. Click here to claim: http://www.washington.com/,spam
"Hey, are you free for lunch today? I was thinking of going to Lake Elizabethborough.",ham
Exclusive offer! Get 50% off on all items. Limited time only.,spam
Happy Birthday! Hope you have a great day.,ham
Make $533252 working from home! No experience needed. Reply for info.,spam
Please find the invoice attached for the services rendered.,ham
Exclusive offer! Get 42% off on all items. Limited time only.,spam
Reminder: The team building event is this Friday. Don't forget to RSVP.,ham
Meet singles in your area tonight! Sign up for free: http://schultz.net/,spam
Can you review the latest PR? I've addressed the comments.,ham
Meet singles in your area tonight! Sign up for free: https://michael-taylor.com/,spam
Please find the invoice attached for the services rendered.,ham
Congratulations! You've won a specific. Click here to claim: https://www.smith-bowman.com/,spam
Please find the invoice attached for the services rendered.,ham
Final Notice: Your package delivery failed. Reschedule here: https://www.hernandez.com/,spam
Reminder: The team building event is this Friday. Don't forget to RSVP.,ham
Lose weight fast with this miracle pill. Order now!,spam
Please find the invoice attached for the services rendered.,ham
Final Notice: Your package delivery failed. Reschedule here: http://hopkins.com/,spam
Attached is the report you requested. Let me know if you have questions.,ham
Final Notice: Your package delivery failed. Reschedule here: http://hernandez-barrera.biz/,spam
Just checking in to see how the project is coming along.,ham
Lose weight fast with this miracle pill. Order now!,spam
Happy Birthday! Hope you have a great day.,ham
Congratulations! You've won a law. Click here to claim: https://walton.com/,spam
Happy Birthday! Hope you have a great day.,ham
Meet singles in your area tonight! Sign up for free: https://cooper.info/,spam
Attached is the report you requested. Let me know if you have questions.,ham
"Dear friend, I have a business proposal regarding a sum of $29310. Please contact me.",spam
Reminder: The team building event is this Friday. Don't forget to RSVP.,ham
Meet singles in your area tonight! Sign up for free: https://www.osborne.org/,spam
Happy Birthday! Hope you have a great day.,ham
Congratulations! You've won a economic. Click here to claim: http://walters.com/,spam
Please find the invoice attached for the services rendered.,ham
You have a new voice message from Andrew Hines. Listen here: https://www.haley.com/,spam
Just checking in to see how the project is coming along.,ham
Make $860946 working from home! No experience needed. Reply for info.,spam
Please find the invoice attached for the services rendered.,ham
Congratulations! You've won a wall. Click here to claim: http://www.wu.com/,spam
Reminder: The team building event is this Friday. Don't forget to RSVP.,ham
You have a new voice message from Karen Shaffer. Listen here: https://mueller-munoz.net/,spam
Your order #59886 has been shipped. It should arrive by Tuesday.,ham
You have a new voice message from James Sutton. Listen here: http://www.smith.info/,spam
Attached is the report you requested. Let me know if you have questions.,ham
Make $685224 working from home! No experience needed. Reply for info.,spam
Just checking in to see how the project is coming along.,ham
Exclusive offer! Get 61% off on all items. Limited time only.,spam
Your order #83403 has been shipped. It should arrive by Wednesday.,ham
URGENT: Your account has been compromised. Verify your identity now: https://brown-harrison.com/,spam
Your order #48624 has been shipped. It should arrive by Wednesday.,ham
Make $381675 working from home! No experience needed. Reply for info.,spam
"Hey, are you free for lunch today? I was thinking of going to North John.",ham
Make $624816 working from home! No experience needed. Reply for info.,spam
Your order #73288 has been shipped. It should arrive by Friday.,ham
"Dear friend, I have a business proposal regarding a sum of $5665. Please contact me.",spam
Please find the invoice attached for the services rendered.,ham
URGENT: Your account has been compromised. Verify your identity now: https://ray.org/,spam
"Hey, are you free for lunch today? I was thinking of going to Stevenmouth.",ham
Refinance your home loan today for 32% lower rates!,spam
"Hi Bryan,

Can we reschedule our meeting to Friday at 09:56:54? Thanks.",ham
Exclusive offer! Get 60% off on all items. Limited time only.,spam
Just checking in to see how the project is coming along.,ham
Refinance your home loan today for 71% lower rates!,spam
"Hi Todd,

Can we reschedule our meeting to Monday at 23:06:47? Thanks.",ham
Lose weight fast with this miracle pill. Order now!,spam
Reminder: The team building event is this Friday. Don't forget to RSVP.,ham
Congratulations! You've won a morning. Click here to claim: http://www.johnson.com/,spam
Please find the invoice attached for the services rendered.,ham
Exclusive offer! Get 75% off on all items. Limited time only.,spam
Your order #40812 has been shipped. It should arrive by Sunday.,ham
Congratulations! You've won a might. Click here to claim: https://foster.org/,spam
Can you review the latest PR? I've addressed the comments.,ham
Refinance your home loan today for 88% lower rates!,spam
"Hi Maurice,

Can we reschedule our meeting to Wednesday at 16:24:18? Thanks.",ham
Meet singles in your area tonight! Sign up for free: http://www.stanton.com/,spam
Just checking in to see how the project is coming along.,ham
Meet singles in your area tonight! Sign up for free: https://brown-hughes.com/,spam
Reminder: The team building event is this Friday. Don't forget to RSVP.,ham
You have a new voice message from Deanna Sawyer. Listen here: https://www.elliott-santana.com/,spam
Can you review the latest PR? I've addressed the comments.,ham
"Dear friend, I have a business proposal regarding a sum of $923678. Please contact me.",spam
Please find the invoice attached for the services rendered.,ham
Congratulations! You've won a find. Click here to claim: https://vaughn.net/,spam
Just checking in to see how the project is coming along.,ham
Meet singles in your area tonight! Sign up for free: http://www.ward-conner.com/,spam
Can you review the latest PR? I've addressed the comments.,ham
Meet singles in your area tonight! Sign up for free: http://www.walker.com/,spam
Can you review the latest PR? I've addressed the comments.,ham
You have a new voice message from Linda Harvey. Listen here: https://www.edwards.info/,spam
Attached is the report you requested. Let me know if you have questions.,ham
URGENT: Your account has been compromised. Verify your identity now: https://smith.info/,spam
"Hey, are you free for lunch today? I was thinking of going to West James.",ham
Final Notice: Your package delivery failed. Reschedule here: https://romero.com/,spam
Your order #65053 has been shipped. It should arrive by Tuesday.,ham
Make $473784 working from home! No experience needed. Reply for info.,spam
Your order #28094 has been shipped. It should arrive by Saturday.,ham
Final Notice: Your package delivery failed. Reschedule here: http://nelson.com/,spam
Just checking in to see how the project is coming along.,ham
Make $943922 working from home! No experience needed. Reply for info.,spam
Attached is the report you requested. Let me know if you have questions.,ham
Make $610668 working from home! No experience needed. Reply for info.,spam
Reminder: The team building event is this Friday. Don't forget to RSVP.,ham
Refinance your home loan today for 83% lower rates!,spam
Please find the invoice attached for the services rendered.,ham
You have a new voice message from Bruce Vasquez. Listen here: https://gardner-hernandez.net/,spam
"Hi Sara,

Can we reschedule our meeting to Saturday at 17:15:26? Thanks.",ham
Make $213376 working from home! No experience needed. Reply for info.,spam
Please find the invoice attached for the services rendered.,ham
"Dear friend, I have a business proposal regarding a sum of $438364. Please contact me.",spam
Just checking in to see how the project is coming along.,ham
Exclusive offer! Get 72% off on all items. Limited time only.,spam
Can you review the latest PR? I've addressed the comments.,ham
You have a new voice message from Melissa White. Listen here: http://simmons.com/,spam
Reminder: The team building event is this Friday. Don't forget to RSVP.,ham
Lose weight fast with this miracle pill. Order now!,spam
Can you review the latest PR? I've addressed the comments.,ham
Final Notice: Your package delivery failed. Reschedule here: http://bell.com/,spam
"Hi Jill,

Can we reschedule our meeting to Sunday at 12:42:27? Thanks.",ham
Congratulations! You've won a laugh. Click here to claim: https://smith-brown.com/,spam
Happy Birthday! Hope you have a great day.,ham
"Dear friend, I have a business proposal regarding a sum of $546277. Please contact me.",spam
Happy Birthday! Hope you have a great day.,ham
Congratulations! You've won a become. Click here to claim: http://www.schmidt.net/,spam
Thanks for the update. I'll proceed with the next steps.,ham
Congratulations! You've won a attention. Click here to claim: https://watson.com/,spam
Reminder: The team building event is this Friday. Don't forget to RSVP.,ham
You have a new voice message from Wendy Watkins. Listen here: http://www.sanchez-le.com/,spam
"Hey, are you free for lunch today? I was thinking of going to West Aprilside.",ham
Make $168023 working from home! No experience needed. Reply for info.,spam
Reminder: The team building event is this Friday. Don't forget to RSVP.,ham
Lose weight fast with this miracle pill. Order now!,spam
"Hi Christopher,

Can we reschedule our meeting to Wednesday at 00:22:26? Thanks.",ham
Congratulations! You've won a however. Click here to claim: https://watkins-mills.info/,spam
Reminder: The team building event is this Friday. Don't forget to RSVP.,ham
Congratulations! You've won a brother. Click here to claim: http://www.jones.com/,spam
Just checking in to see how the project is coming along.,ham
Exclusive offer! Get 12% off on all items. Limited time only.,spam
Please find the invoice attached for the services rendered.,ham
Meet singles in your area tonight! Sign up for free: https://ford-love.net/,spam
Reminder: The team building event is this Friday. Don't forget to RSVP.,ham
Meet singles in your area tonight! Sign up for free: https://www.hicks.com/,spam
"Hey, are you free for lunch today? I was thinking of going to Browntown.",ham
Meet singles in your area tonight! Sign up for free: https://www.romero-taylor.com/,spam
Thanks for the update. I'll proceed with the next steps.,ham
Exclusive offer! Get 12% off on all items. Limited time only.,spam
Your order #26816 has been shipped. It should arrive by Monday.,ham
URGENT: Your account has been compromised. Verify your identity now: http://harvey.net/,spam
Your order #50440 has been shipped. It should arrive by Monday.,ham
Make $564628 working from home! No experience needed. Reply for info.,spam
Reminder: The team building event is this Friday. Don't forget to RSVP.,ham
Refinance your home loan today for 31% lower rates!,spam
Attached is the report you requested. Let me know if you have questions.,ham
Congratulations! You've won a half. Click here to claim: https://smith.com/,spam
Your order #97119 has been shipped. It should arrive by Tuesday.,ham
Exclusive offer! Get 12% off on all items. Limited time only.,spam
Just checking in to see how the project is coming along.,ham
"Dear friend, I have a business proposal regarding a sum of $992906. Please contact me.",spam
Attached is the report you requested. Let me know if you have questions.,ham
URGENT: Your account has been compromised. Verify your identity now: https://www.kelly-green.com/,spam
"Hey, are you free for lunch today? I was thinking of going to Owensshire.",ham
URGENT: Your account has been compromised. Verify your identity now: https://www.edwards.com/,spam
Can you review the latest PR? I've addressed the comments.,ham
Lose weight fast with this miracle pill. Order now!,spam
Please find the invoice attached for the services rendered.,ham
Refinance your home loan today for 37% lower rates!,spam
"Hi Kevin,

Can we reschedule our meeting to Tuesday at 20:02:12? Thanks.",ham
"Dear friend, I have a business proposal regarding a sum of $576292. Please contact me.",spam
Reminder: The team building event is this Friday. Don't forget to RSVP.,ham
Make $544303 working from home! No experience needed. Reply for info.,spam
Just checking in to see how the project is coming along.,ham
Meet singles in your area tonight! Sign up for free: http://www.thomas.org/,spam
Happy Birthday! Hope you have a great day.,ham
Refinance your home loan today for 45% lower rates!,spam
Your order #39550 has been shipped. It should arrive by Monday.,ham
URGENT: Your account has been compromised. Verify your identity now: https://www.rogers.com/,spam
Thanks for the update. I'll proceed with the next steps.,ham
"Dear friend, I have a business proposal regarding a sum of $955497. Please contact me.",spam
Attached is the report you requested. Let me know if you have questions.,ham
Make $385627 working from home! No experience needed. Reply for info.,spam
Please find the invoice attached for the services rendered.,ham
Congratulations! You've won a lot. Click here to claim: https://walker-joseph.com/,spam
Thanks for the update. I'll proceed with the next steps.,ham
You have a new voice message from Jamie Phillips. Listen here: http://www.brown.com/,spam
Happy Birthday! Hope you have a great day.,ham
URGENT: Your account has been compromised. Verify your identity now: http://www.zimmerman.com/,spam
Attached is the report you requested. Let me know if you have questions.,ham
You have a new voice message from Ivan Hall. Listen here: http://holt.info/,spam
Thanks for the update. I'll proceed with the next steps.,ham
Make $125307 working from home! No experience needed. Reply for info.,spam
Reminder: The team building event is this Friday. Don't forget to RSVP.,ham
You have a new voice message from Christopher Walker. Listen here: https://murphy.com/,spam
Please find the invoice attached for the services rendered.,ham
URGENT: Your account has been compromised. Verify your identity now: https://oneill-frederick.com/,spam
Your order #71814 has been shipped. It should arrive by Friday.,ham
URGENT: Your account has been compromised. Verify your identity now: https://www.hart.org/,spam
Thanks for the update. I'll proceed with the next steps.,ham
Exclusive offer! Get 21% off on all items. Limited time only.,spam
Please find the invoice attached for the services rendered.,ham
Exclusive offer! Get 61% off on all items. Limited time only.,spam
Just checking in to see how the project is coming along.,ham
URGENT: Your account has been compromised. Verify your identity now: https://phillips.com/,spam
Reminder: The team building event is this Friday. Don't forget to RSVP.,ham
URGENT: Your account has been compromised. Verify your identity now: https://munoz.info/,spam
Happy Birthday! Hope you have a great day.,ham
You have a new voice message from Nicholas Stewart. Listen here: https://carter.com/,spam
Your order #58550 has been shipped. It should arrive by Thursday.,ham
Refinance your home loan today for 46% lower rates!,spam
Thanks for the update. I'll proceed with the next steps.,ham
Refinance your home loan today for 26% lower rates!,spam
Just checking in to see how the project is coming along.,ham
"Dear friend, I have a business proposal regarding a sum of $321946. Please contact me.",spam
Can you review the latest PR? I've addressed the comments.,ham
Final Notice: Your package delivery failed. Reschedule here: http://stokes.net/,spam
Attached is the report you requested. Let me know if you have questions.,ham
URGENT: Your account has been compromised. Verify your identity now: https://www.smith.com/,spam
Happy Birthday! Hope you have a great day.,ham
Refinance your home loan today for 75% lower rates!,spam
Your order #90546 has been shipped. It should arrive by Monday.,ham
Refinance your home loan today for 87% lower rates!,spam
Happy Birthday! Hope you have a great day.,ham
Exclusive offer! Get 50% off on all items. Limited time only.,spam
Happy Birthday! Hope you have a great day.,ham
Congratulations! You've won a huge. Click here to claim: https://mack-richardson.com/,spam
"Hi Sarah,

Can we reschedule our meeting to Sunday at 23:40:57? Thanks.",ham
"Dear friend, I have a business proposal regarding a sum of $444106. Please contact me.",spam
Your order #85930 has been shipped. It should arrive by Thursday.,ham
Congratulations! You've won a meet. Click here to claim: http://bryant.com/,spam
Just checking in to see how the project is coming along.,ham
Refinance your home loan today for 86% lower rates!,spam
Reminder: The team building event is this Friday. Don't forget to RSVP.,ham
You have a new voice message from Nicholas Harrison. Listen here: https://www.smith.biz/,spam
"Hi Joshua,

Can we reschedule our meeting to Wednesday at 16:26:40? Thanks.",ham
You have a new voice message from Sylvia Holt. Listen here: https://hunter-avila.net/,spam
Attached is the report you requested. Let me know if you have questions.,ham
Make $838143 working from home! No experience needed. Reply for info.,spam
Thanks for the update. I'll proceed with the next steps.,ham
Lose weight fast with this miracle pill. Order now!,spam
Thanks for the update. I'll proceed with the next steps.,ham
Make $427509 working from home! No experience needed. Reply for info.,spam
Thanks for the update. I'll proceed with the next steps.,ham
You have a new voice message from Russell Decker. Listen here: http://clark.com/,spam
Just checking in to see how the project is coming along.,ham
Make $894863 working from home! No experience needed. Reply for info.,spam
Attached is the report you requested. Let me know if you have questions.,ham
Meet singles in your area tonight! Sign up for free: https://www.hogan.com/,spam
Your order #77626 has been shipped. It should arrive by Tuesday.,ham
Exclusive offer! Get 35% off on all items. Limited time only.,spam
"Hey, are you free for lunch today? I was thinking of going to Lake Richardstad.",ham
URGENT: Your account has been compromised. Verify your identity now: https://www.navarro.com/,spam
Happy Birthday! Hope you have a great day.,ham
"Dear friend, I have a business proposal regarding a sum of $502974. Please contact me.",spam
Happy Birthday! Hope you have a great day.,ham
You have a new voice message from Jordan Montgomery. Listen here: https://smith.com/,spam
Please find the invoice attached for the services rendered.,ham
URGENT: Your account has been compromised. Verify your identity now: https://www.payne.com/,spam
Just checking in to see how the project is coming along.,ham
Make $835399 working from home! No experience needed. Reply for info.,spam
"Hey, are you free for lunch today? I was thinking of going to South Johnchester.",ham
Meet singles in your area tonight! Sign up for free: http://www.long.com/,spam
Thanks for the update. I'll proceed with the next steps.,ham
Meet singles in your area tonight! Sign up for free: http://www.green-thompson.com/,spam
"Hi Jeffrey,

Can we reschedule our meeting to Thursday at 13:21:21? Thanks.",ham
Meet singles in your area tonight! Sign up for free: https://curtis-rogers.info/,spam
Attached is the report you requested. Let me know if you have questions.,ham
Lose weight fast with this miracle pill. Order now!,spam
"Hey, are you free for lunch today? I was thinking of going to Michaelville.",ham
Lose weight fast with this miracle pill. Order now!,spam
Attached is the report you requested. Let me know if you have questions.,ham
Refinance your home loan today for 59% lower rates!,spam
"Hey, are you free for lunch today? I was thinking of going to New Jeremy.",ham
Final Notice: Your package delivery failed. Reschedule here: http://www.douglas.biz/,spam
Attached is the report you requested. Let me know if you have questions.,ham
Exclusive offer! Get 45% off on all items. Limited time only.,spam
Happy Birthday! Hope you have a great day.,ham
Exclusive offer! Get 62% off on all items. Limited time only.,spam
"Hey, are you free for lunch today? I was thinking of going to Anitamouth.",ham
Exclusive offer! Get 52% off on all items. Limited time only.,spam
Please find the invoice attached for the services rendered.,ham
Final Notice: Your package delivery failed. Reschedule here: http://richmond.org/,spam
Your order #51881 has been shipped. It should arrive by Sunday.,ham
Final Notice: Your package delivery failed. Reschedule here: https://www.hernandez.com/,spam
"Hi Kimberly,

Can we reschedule our meeting to Thursday at 22:12:07? Thanks.",ham
Refinance your home loan today for 31% lower rates!,spam
Please find the invoice attached for the services rendered.,ham
Exclusive offer! Get 25% off on all items. Limited time only.,spam
Can you review the latest PR? I've addressed the comments.,ham
URGENT: Your account has been compromised. Verify your identity now: https://www.rivera.com/,spam
"Hey, are you free for lunch today? I was thinking of going to Karenside.",ham
You have a new voice message from James Becker. Listen here: http://www.davidson.net/,spam
Can you review the latest PR? I've addressed the comments.,ham
Meet singles in your area tonight! Sign up for free: https://www.baker.com/,spam
Just checking in to see how the project is coming along.,ham
Final Notice: Your package delivery failed. Reschedule here: https://www.johnson.com/,spam
"Hi Leslie,

Can we reschedule our meeting to Sunday at 10:14:07? Thanks.",ham
Make $228075 working from home! No experience needed. Reply for info.,spam
Attached is the report you requested. Let me know if you have questions.,ham
Exclusive offer! Get 62% off on all items. Limited time only.,spam
Thanks for the update. I'll proceed with the next steps.,ham
Final Notice: Your package delivery failed. Reschedule here: https://www.patel-sanders.com/,spam
Reminder: The team building event is this Friday. Don't forget to RSVP.,ham
You have a new voice message from Daniel Reed. Listen here: https://horton.net/,spam
Thanks for the update. I'll proceed with the next steps.,ham
"Dear friend, I have a business proposal regarding a sum of $85200. Please contact me.",spam
"Hi Deborah,

Can we reschedule our meeting to Sunday at 22:19:54? Thanks.",ham
Refinance your home loan today for 18% lower rates!,spam
Can you review the latest PR? I've addressed the comments.,ham
URGENT: Your account has been compromised. Verify your identity now: https://www.hanna.org/,spam
Happy Birthday! Hope you have a great day.,ham
Make $299367 working from home! No experience needed. Reply for info.,spam
Please find the invoice attached for the services rendered.,ham
URGENT: Your account has been compromised. Verify your identity now: https://cooke.com/,spam
"Hey, are you free for lunch today? I was thinking of going to Ritterfort.",ham
Make $211509 working from home! No experience needed. Reply for info.,spam
Reminder: The team building event is this Friday. Don't forget to RSVP.,ham
"Dear friend, I have a business proposal regarding a sum of $1028. Please contact me.",spam
Reminder: The team building event is this Friday. Don't forget to RSVP.,ham
"Dear friend, I have a business proposal regarding a sum of $129346. Please contact me.",spam
Happy Birthday! Hope you have a great day.,ham
You have a new voice message from Robert Meyer. Listen here: http://www.daniel.net/,spam
"Hi Dawn,

Can we reschedule our meeting to Thursday at 22:50:41? Thanks.",ham
You have a new voice message from Victoria Edwards. Listen here: http://www.santiago-frazier.info/,spam
Your order #71265 has been shipped. It should arrive by Monday.,ham
You have a new voice message from Marilyn King. Listen here: https://wallace.com/,spam
Happy Birthday! Hope you have a great day.,ham
Refinance your home loan today for 23% lower rates!,spam
Happy Birthday! Hope you have a great day.,ham
Final Notice: Your package delivery failed. Reschedule here: https://obrien.net/,spam
"Hi Vincent,

Can we reschedule our meeting to Sunday at 14:28:50? Thanks.",ham
Make $547654 working from home! No experience needed. Reply for info.,spam
Happy Birthday! Hope you have a great day.,ham
Lose weight fast with this miracle pill. Order now!,spam
Reminder: The team building event is this Friday. Don't forget to RSVP.,ham
Lose weight fast with this miracle pill. Order now!,spam
Reminder: The team building event is this Friday. Don't forget to RSVP.,ham
Make $333933 working from home! No experience needed. Reply for info.,spam
Just checking in to see how the project is coming along.,ham
"Dear friend, I have a business proposal regarding a sum of $939662. Please contact me.",spam
Happy Birthday! Hope you have a great day.,ham
You have a new voice message from Kristin Walker. Listen here: http://taylor.com/,spam
"Hi Karen,

Can we reschedule our meeting to Thursday at 18:43:47? Thanks.",ham
URGENT: Your account has been compromised. Verify your identity now: http://www.lopez-glover.info/,spam
Thanks for the update. I'll proceed with the next steps.,ham
URGENT: Your account has been compromised. Verify your identity now: http://thomas.com/,spam
Reminder: The team building event is this Friday. Don't forget to RSVP.,ham
Meet singles in your area tonight! Sign up for free: https://parker.biz/,spam
"Hey, are you free for lunch today? I was thinking of going to East Meredithburgh.",ham
Exclusive offer! Get 62% off on all items. Limited time only.,spam
"Hey, are you free for lunch today? I was thinking of going to Callahanfort.",ham
You have a new voice message from Stephanie Hughes. Listen here: https://green-norman.com/,spam
"Hi Andrew,

Can we reschedule our meeting to Tuesday at 15:26:43? Thanks.",ham
Exclusive offer! Get 38% off on all items. Limited time only.,spam
Attached is the report you requested. Let me know if you have questions.,ham
Exclusive offer! Get 47% off on all items. Limited time only.,spam
Just checking in to see how the project is coming along.,ham
Make $886648 working from home! No experience needed. Reply for info.,spam
Your order #81701 has been shipped. It should arrive by Tuesday.,ham
Exclusive offer! Get 89% off on all items. Limited time only.,spam
"Hi Mia,

Can we reschedule our meeting to Saturday at 02:37:10? Thanks.",ham
Final Notice: Your package delivery failed. Reschedule here: https://www.howard-fernandez.info/,spam
Thanks for the update. I'll proceed with the next steps.,ham
Final Notice: Your package delivery failed. Reschedule here: http://www.mccarty.com/,spam
Your order #84540 has been shipped. It should arrive by Tuesday.,ham
Congratulations! You've won a truth. Click here to claim: https://www.jensen.com/,spam
Happy Birthday! Hope you have a great day.,ham
"Dear friend, I have a business proposal regarding a sum of $92745. Please contact me.",spam
Please find the invoice attached for the services rendered.,ham
You have a new voice message from Tina Becker. Listen here: http://www.young.com/,spam
Happy Birthday! Hope you have a great day.,ham
Exclusive offer! Get 54% off on all items. Limited time only.,spam
Thanks for the update. I'll proceed with the next steps.,ham
"Dear friend, I have a business proposal regarding a sum of $536734. Please contact me.",spam
Please find the invoice attached for the services rendered.,ham
You have a new voice message from Christian Preston. Listen here: https://www.thompson.com/,spam
Attached is the report you requested. Let me know if you have questions.,ham
Refinance your home loan today for 81% lower rates!,spam
Reminder: The team building event is this Friday. Don't forget to RSVP.,ham
"Dear friend, I have a business proposal regarding a sum of $621093. Please contact me.",spam
Please find the invoice attached for the services rendered.,ham
Refinance your home loan today for 30% lower rates!,spam
Thanks for the update. I'll proceed with the next steps.,ham
Congratulations! You've won a interesting. Click here to claim: http://lopez.net/,spam
Just checking in to see how the project is coming along.,ham
Final Notice: Your package delivery failed. Reschedule here: http://www.riley-turner.com/,spam
Attached is the report you requested. Let me know if you have questions.,ham
Refinance your home loan today for 85% lower rates!,spam
Thanks for the update. I'll proceed with the next steps.,ham
Refinance your home loan today for 15% lower rates!,spam
Thanks for the update. I'll proceed with the next steps.,ham
"Dear friend, I have a business proposal regarding a sum of $172140. Please contact me.",spam
Happy Birthday! Hope you have a great day.,ham
Final Notice: Your package delivery failed. Reschedule here: http://www.shelton.net/,spam
Happy Birthday! Hope you have a great day.,ham
Lose weight fast with this miracle pill. Order now!,spam
Reminder: The team building event is this Friday. Don't forget to RSVP.,ham
URGENT: Your account has been compromised. Verify your identity now: http://fuller-lopez.net/,spam
Attached is the report you requested. Let me know if you have questions.,ham
Congratulations! You've won a how. Click here to claim: https://mcdonald.org/,spam
Your order #54732 has been shipped. It should arrive by Tuesday.,ham
Exclusive offer! Get 69% off on all items. Limited time only.,spam
Attached is the report you requested. Let me know if you have questions.,ham
Refinance your home loan today for 86% lower rates!,spam
Just checking in to see how the project is coming along.,ham
"Dear friend, I have a business proposal regarding a sum of $75756. Please contact me.",spam
Please find the invoice attached for the services rendered.,ham
Refinance your home loan today for 70% lower rates!,spam
Your order #25828 has been shipped. It should arrive by Wednesday.,ham
You have a new voice message from Michael Hodges. Listen here: http://bell-gray.com/,spam
Reminder: The team building event is this Friday. Don't forget to RSVP.,ham
Exclusive offer! Get 84% off on all items. Limited time only.,spam
Reminder: The team building event is this Friday. Don't forget to RSVP.,ham
Congratulations! You've won a rule. Click here to claim: https://www.howell.biz/,spam
Attached is the report you requested. Let me know if you have questions.,ham
Lose weight fast with this miracle pill. Order now!,spam
Reminder: The team building event is this Friday. Don't forget to RSVP.,ham
Refinance your home loan today for 12% lower rates!,spam
Your order #56938 has been shipped. It should arrive by Wednesday.,ham
"Dear friend, I have a business proposal regarding a sum of $917176. Please contact me.",spam
Reminder: The team building event is this Friday. Don't forget to RSVP.,ham
Final Notice: Your package delivery failed. Reschedule here: https://www.shepherd-murray.net/,spam
Attached is the report you requested. Let me know if you have questions.,ham
Congratulations! You've won a answer. Click here to claim: https://patterson.net/,spam
Reminder: The team building event is this Friday. Don't forget to RSVP.,ham
Make $530109 working from home! No experience needed. Reply for info.,spam
"Hey, are you free for lunch today? I was thinking of going to Lopezland.",ham
Final Notice: Your package delivery failed. Reschedule here: http://kline-miller.org/,spam
Reminder: The team building event is this Friday. Don't forget to RSVP.,ham
Lose weight fast with this miracle pill. Order now!,spam
Attached is the report you requested. Let me know if you have questions.,ham
Lose weight fast with this miracle pill. Order now!,spam
Your order #36322 has been shipped. It should arrive by Monday.,ham
Final Notice: Your package delivery failed. Reschedule here: http://freeman.com/,spam
Attached is the report you requested. Let me know if you have questions.,ham
Refinance your home loan today for 61% lower rates!,spam
Reminder: The team building event is this Friday. Don't forget to RSVP.,ham
Final Notice: Your package delivery failed. Reschedule here: http://parker-jones.com/,spam
"Hi Kathryn,

Can we reschedule our meeting to Thursday at 21:10:14? Thanks.",ham
Final Notice: Your package delivery failed. Reschedule here: http://www.smith.org/,spam
"Hey, are you free for lunch today? I was thinking of going to Kleinton.",ham
Make $883259 working from home! No experience needed. Reply for info.,spam
Attached is the report you requested. Let me know if you have questions.,ham
Final Notice: Your package delivery failed. Reschedule here: http://www.kim.net/,spam
"Hey, are you free for lunch today? I was thinking of going to Horntown.",ham
Refinance your home loan today for 82% lower rates!,spam
Attached is the report you requested. Let me know if you have questions.,ham
Lose weight fast with this miracle pill. Order now!,spam
Happy Birthday! Hope you have a great day.,ham
Congratulations! You've won a arrive. Click here to claim: https://www.estes.com/,spam
Please find the invoice attached for the services rendered.,ham
Make $730560 working from home! No experience needed. Reply for info.,spam
Please find the invoice attached for the services rendered.,ham
Exclusive offer! Get 56% off on all items. Limited time only.,spam
Just checking in to see how the project is coming along.,ham
Final Notice: Your package delivery failed. Reschedule here: http://peterson.biz/,spam
Please find the invoice attached for the services rendered.,ham
You have a new voice message from Jeffrey Ward. Listen here: https://www.hamilton.com/,spam
"Hey, are you free for lunch today? I was thinking of going to East Alfred.",ham
Meet singles in your area tonight! Sign up for free: http://palmer.com/,spam
Please find the invoice attached for the services rendered.,ham
You have a new voice message from Stephanie Shepherd. Listen here: https://jimenez-wells.com/,spam
"Hi Roy,

Can we reschedule our meeting to Friday at 01:08:21? Thanks.",ham
Final Notice: Your package delivery failed. Reschedule here: https://www.collins-thompson.org/,spam
Your order #35678 has been shipped. It should arrive by Monday.,ham
You have a new voice message from John Price. Listen here: http://meyers-lee.com/,spam
"Hi Tiffany,

Can we reschedule our meeting to Wednesday at 05:02:06? Thanks.",ham
"Dear friend, I have a business proposal regarding a sum of $721579. Please contact me.",spam
Can you review the latest PR? I've addressed the comments.,ham
Exclusive offer! Get 26% off on all items. Limited time only.,spam
Thanks for the update. I'll proceed with the next steps.,ham
Meet singles in your area tonight! Sign up for free: https://romero-williams.com/,spam
"Hey, are you free for lunch today? I was thinking of going to South Kimberly.",ham
Congratulations! You've won a Mr. Click here to claim: http://www.bradley.com/,spam
Please find the invoice attached for the services rendered.,ham
URGENT: Your account has been compromised. Verify your identity now: https://taylor.com/,spam
"Hi Kimberly,

Can we reschedule our meeting to Monday at 16:23:01? Thanks.",ham
URGENT: Your account has been compromised. Verify your identity now: https://www.thompson.com/,spam
Reminder: The team building event is this Friday. Don't forget to RSVP.,ham
You have a new voice message from Diana Price. Listen here: https://schwartz.com/,spam
"Hey, are you free for lunch today? I was thinking of going to North Connorberg.",ham
"Dear friend, I have a business proposal regarding a sum of $989750. Please contact me.",spam
Just checking in to see how the project is coming along.,ham
Exclusive offer! Get 41% off on all items. Limited time only.,spam
"Hey, are you free for lunch today? I was thinking of going to Tracystad.",ham
You have a new voice message from Rebecca Haas. Listen here: http://griffin.biz/,spam
Your order #71454 has been shipped. It should arrive by Tuesday.,ham
Meet singles in your area tonight! Sign up for free: http://www.browning.com/,spam
"Hi Jamie,

Can we reschedule our meeting to Tuesday at 16:08:39? Thanks.",ham
URGENT: Your account has been compromised. Verify your identity now: https://www.williams.com/,spam
Please find the invoice attached for the services rendered.,ham
You have a new voice message from Matthew Washington. Listen here: http://wilcox.com/,spam
Happy Birthday! Hope you have a great day.,ham
Meet singles in your area tonight! Sign up for free: https://www.baldwin-pittman.org/,spam
Please find the invoice attached for the services rendered.,ham
Final Notice: Your package delivery failed. Reschedule here: https://garcia.com/,spam
Can you review the latest PR? I've addressed the comments.,ham
Lose weight fast with this miracle pill. Order now!,spam
"Hi Ryan,

Can we reschedule our meeting to Sunday at 05:22:25? Thanks.",ham
Final Notice: Your package delivery failed. Reschedule here: https://www.johnson.net/,spam
Your order #92661 has been shipped. It should arrive by Monday.,ham
Make $268095 working from home! No experience needed. Reply for info.,spam
Happy Birthday! Hope you have a great day.,ham
Refinance your home loan today for 11% lower rates!,spam
"Hi Abigail,

Can we reschedule our meeting to Sunday at 01:58:17? Thanks.",ham
URGENT: Your account has been compromised. Verify your identity now: https://nelson-melendez.com/,spam
Please find the invoice attached for the services rendered.,ham
"Dear friend, I have a business proposal regarding a sum of $665426. Please contact me.",spam
"Hey, are you free for lunch today? I was thinking of going to Port Andrewfurt.",ham
You have a new voice message from Kimberly Weber. Listen here: http://jackson.com/,spam
"Hi Michael,

Can we reschedule our meeting to Thursday at 21:51:14? Thanks.",ham
Congratulations! You've won a magazine. Click here to claim: https://taylor-daniel.info/,spam
Can you review the latest PR? I've addressed the comments.,ham
Lose weight fast with this miracle pill. Order now!,spam
Happy Birthday! Hope you have a great day.,ham
Refinance your home loan today for 49% lower rates!,spam
"Hey, are you free for lunch today? I was thinking of going to New Lorihaven.",ham
Final Notice: Your package delivery failed. Reschedule here: http://www.joseph-shepherd.com/,spam
Please find the invoice attached for the services rendered.,ham
Final Notice: Your package delivery failed. Reschedule here: https://www.acevedo.com/,spam
Just checking in to see how the project is coming along.,ham
You have a new voice message from Monica Lang. Listen here: https://roy.net/,spam
Happy Birthday! Hope you have a great day.,ham
"Dear friend, I have a business proposal regarding a sum of $517383. Please contact me.",spam
Attached is the report you requested. Let me know if you have questions.,ham
Refinance your home loan today for 14% lower rates!,spam
"Hi April,

Can we reschedule our meeting to Saturday at 14:51:54? Thanks.",ham
"Dear friend, I have a business proposal regarding a sum of $615556. Please contact me.",spam
Please find the invoice attached for the services rendered.,ham
Meet singles in your area tonight! Sign up for free: http://simpson.com/,spam
Can you review the latest PR? I've addressed the comments.,ham
Congratulations! You've won a particular. Click here to claim: http://www.beard-bailey.com/,spam
Your order #51969 has been shipped. It should arrive by Friday.,ham
URGENT: Your account has been compromised. Verify your identity now: http://www.richards.com/,spam
Attached is the report you requested. Let me know if you have questions.,ham
Make $624148 working from home! No experience needed. Reply for info.,spam
Happy Birthday! Hope you have a great day.,ham
Congratulations! You've won a shake. Click here to claim: https://www.doyle.biz/,spam
Thanks for the update. I'll proceed with the next steps.,ham
Make $643538 working from home! No experience needed. Reply for info.,spam
Reminder: The team building event is this Friday. Don't forget to RSVP.,ham
URGENT: Your account has been compromised. Verify your identity now: http://oliver.com/,spam
Your order #90232 has been shipped. It should arrive by Tuesday.,ham
Make $352229 working from home! No experience needed. Reply for info.,spam
Attached is the report you requested. Let me know if you have questions.,ham
URGENT: Your account has been compromised. Verify your identity now: https://parker-salazar.biz/,spam
Happy Birthday! Hope you have a great day.,ham
Make $744993 working from home! No experience needed. Reply for info.,spam
"Hey, are you free for lunch today? I was thinking of going to Masonstad.",ham
Exclusive offer! Get 63% off on all items. Limited time only.,spam
"Hey, are you free for lunch today? I was thinking of going to Dodsonfort.",ham
"Dear friend, I have a business proposal regarding a sum of $721549. Please contact me.",spam
"Hey, are you free for lunch today? I was thinking of going to East Jamesstad.",ham
Exclusive offer! Get 81% off on all items. Limited time only.,spam
Thanks for the update. I'll proceed with the next steps.,ham
